{
  "velocity": 0.248714656,
  "position": {
    "x_position": -0.0002140449,
    "y_position": -0.0129064117,
    "heading": 270.315979
  },
  "speed": {
    "left": 0.270697355,
    "right": 0.47540763
  }
}